,Iteration,Time,Fitness,FEvals,Population Size,Mutation Rate,max_iters
0,0,0.07545995898544788,212.0,300.0,300,0.25,12000
1,1,0.15382658399175853,241.0,602.0,300,0.25,12000
2,2,0.229598541976884,241.0,903.0,300,0.25,12000
3,3,0.3054018340772018,243.0,1205.0,300,0.25,12000
4,4,0.3814746249699965,248.0,1507.0,300,0.25,12000
5,5,0.4569212089991197,248.0,1808.0,300,0.25,12000
6,6,0.5323795840376988,248.0,2109.0,300,0.25,12000
7,7,0.608774209045805,248.0,2410.0,300,0.25,12000
8,8,0.6867157500237226,249.0,2712.0,300,0.25,12000
9,9,0.7627860839711502,249.0,3013.0,300,0.25,12000
10,10,0.8381564170122147,249.0,3314.0,300,0.25,12000
11,11,0.9133317919913679,249.0,3615.0,300,0.25,12000
12,12,0.9889344170223922,249.0,3916.0,300,0.25,12000
13,13,1.0670871250331402,252.0,4218.0,300,0.25,12000
14,14,1.144011834054254,254.0,4520.0,300,0.25,12000
15,15,1.2194182090461254,254.0,4821.0,300,0.25,12000
16,16,1.2949293340789154,254.0,5122.0,300,0.25,12000
17,17,1.370246250065975,254.0,5423.0,300,0.25,12000
18,18,1.4457909590564668,254.0,5724.0,300,0.25,12000
19,19,1.5210762500064448,254.0,6025.0,300,0.25,12000
20,20,1.596901374985464,254.0,6326.0,300,0.25,12000
21,21,1.6721935420064256,254.0,6627.0,300,0.25,12000
22,22,1.7475767920259386,266.0,6929.0,300,0.25,12000
23,23,1.823030999978073,266.0,7230.0,300,0.25,12000
24,24,1.8983085000654683,266.0,7531.0,300,0.25,12000
25,25,1.9735942920669913,266.0,7832.0,300,0.25,12000
26,26,2.0482671670615673,266.0,8133.0,300,0.25,12000
27,27,2.123298417078331,266.0,8434.0,300,0.25,12000
28,28,2.1982457920676097,266.0,8735.0,300,0.25,12000
29,29,2.273385667009279,266.0,9036.0,300,0.25,12000
30,30,2.3493078340543434,266.0,9337.0,300,0.25,12000
31,31,2.426464791991748,266.0,9638.0,300,0.25,12000
32,32,2.5026512920157984,266.0,9939.0,300,0.25,12000
33,33,2.582529917010106,266.0,10240.0,300,0.25,12000
34,34,2.6602147090015933,266.0,10541.0,300,0.25,12000
35,35,2.738304291968234,266.0,10842.0,300,0.25,12000
36,36,2.8139419170329347,266.0,11143.0,300,0.25,12000
37,37,2.8897964589996263,272.0,11445.0,300,0.25,12000
38,38,2.964960667071864,272.0,11746.0,300,0.25,12000
39,39,3.0405625000130385,272.0,12047.0,300,0.25,12000
40,40,3.115815959055908,272.0,12348.0,300,0.25,12000
41,41,3.1909733340144157,272.0,12649.0,300,0.25,12000
42,42,3.2655920840334147,272.0,12950.0,300,0.25,12000
43,43,3.341153417015448,272.0,13251.0,300,0.25,12000
44,44,3.4164951670682058,272.0,13552.0,300,0.25,12000
45,45,3.491643459070474,272.0,13853.0,300,0.25,12000
46,46,3.5673000840470195,278.0,14155.0,300,0.25,12000
47,47,3.6426477920031175,278.0,14456.0,300,0.25,12000
48,48,3.717872375040315,278.0,14757.0,300,0.25,12000
49,49,3.7937183340545744,278.0,15058.0,300,0.25,12000
50,50,3.869494167040102,278.0,15359.0,300,0.25,12000
51,51,3.9447891670279205,278.0,15660.0,300,0.25,12000
52,52,4.020019417046569,278.0,15961.0,300,0.25,12000
53,53,4.095186125021428,278.0,16262.0,300,0.25,12000
54,54,4.170163625036366,278.0,16563.0,300,0.25,12000
55,55,4.245305042015389,278.0,16864.0,300,0.25,12000
56,56,4.320193500025198,278.0,17165.0,300,0.25,12000
57,57,4.395255959010683,278.0,17466.0,300,0.25,12000
58,58,4.470526791992597,279.0,17768.0,300,0.25,12000
59,59,4.545972499996424,280.0,18070.0,300,0.25,12000
60,60,4.620958084007725,280.0,18371.0,300,0.25,12000
61,61,4.697545874980278,281.0,18673.0,300,0.25,12000
62,62,4.7754627499962226,282.0,18975.0,300,0.25,12000
63,63,4.851343292044476,286.0,19277.0,300,0.25,12000
64,64,4.9269469999708235,293.0,19579.0,300,0.25,12000
65,65,5.002578750019893,294.0,19881.0,300,0.25,12000
66,66,5.077873624977656,294.0,20182.0,300,0.25,12000
67,67,5.153482250054367,296.0,20484.0,300,0.25,12000
68,68,5.228729834081605,296.0,20785.0,300,0.25,12000
69,69,5.30434608401265,297.0,21087.0,300,0.25,12000
70,70,5.380325209000148,297.0,21388.0,300,0.25,12000
71,71,5.455564875039272,303.0,21690.0,300,0.25,12000
72,72,5.531643124995753,306.0,21992.0,300,0.25,12000
73,73,5.606865084031597,306.0,22293.0,300,0.25,12000
74,74,5.682102084043436,306.0,22594.0,300,0.25,12000
75,75,5.757502999971621,311.0,22896.0,300,0.25,12000
76,76,5.832774667069316,314.0,23198.0,300,0.25,12000
77,77,5.9081674590706825,314.0,23499.0,300,0.25,12000
78,78,5.983564916998148,314.0,23800.0,300,0.25,12000
79,79,6.059013499994762,320.0,24102.0,300,0.25,12000
80,80,6.134184334077872,320.0,24403.0,300,0.25,12000
81,81,6.209446583990939,321.0,24705.0,300,0.25,12000
82,82,6.284887499990873,322.0,25007.0,300,0.25,12000
83,83,6.360194792039692,329.0,25309.0,300,0.25,12000
84,84,6.434988541994244,329.0,25610.0,300,0.25,12000
85,85,6.510671584052034,330.0,25912.0,300,0.25,12000
86,86,6.587574500008486,330.0,26213.0,300,0.25,12000
87,87,6.663394208997488,339.0,26515.0,300,0.25,12000
88,88,6.740858584060334,339.0,26816.0,300,0.25,12000
89,89,6.817976208985783,350.0,27118.0,300,0.25,12000
90,90,6.894088375032879,350.0,27419.0,300,0.25,12000
91,91,6.969565834035166,350.0,27720.0,300,0.25,12000
92,92,7.045019750017673,350.0,28021.0,300,0.25,12000
93,93,7.120650583994575,350.0,28322.0,300,0.25,12000
94,94,7.1957094999961555,350.0,28623.0,300,0.25,12000
95,95,7.27111508406233,350.0,28924.0,300,0.25,12000
96,96,7.346639042021707,365.0,29226.0,300,0.25,12000
97,97,7.421942083979957,365.0,29527.0,300,0.25,12000
98,98,7.49760729202535,366.0,29829.0,300,0.25,12000
99,99,7.5753229999681935,366.0,30130.0,300,0.25,12000
100,100,7.651540459017269,366.0,30431.0,300,0.25,12000
101,101,7.727444458985701,366.0,30732.0,300,0.25,12000
102,102,7.8029732500435784,366.0,31033.0,300,0.25,12000
103,103,7.879087709006853,368.0,31335.0,300,0.25,12000
104,104,7.955181334051304,371.0,31637.0,300,0.25,12000
105,105,8.030689417035319,376.0,31939.0,300,0.25,12000
106,106,8.105970125063322,377.0,32241.0,300,0.25,12000
107,107,8.181672959006391,382.0,32543.0,300,0.25,12000
108,108,8.257762916968204,385.0,32845.0,300,0.25,12000
109,109,8.333542292006314,393.0,33147.0,300,0.25,12000
110,110,8.4083728750702,393.0,33448.0,300,0.25,12000
111,111,8.483909000060521,396.0,33750.0,300,0.25,12000
112,112,8.559529124991968,401.0,34052.0,300,0.25,12000
113,113,8.634850459056906,401.0,34353.0,300,0.25,12000
114,114,8.71019920904655,401.0,34654.0,300,0.25,12000
115,115,8.788049124996178,401.0,34955.0,300,0.25,12000
116,116,8.865750084049068,401.0,35256.0,300,0.25,12000
117,117,8.942095375037752,401.0,35557.0,300,0.25,12000
118,118,9.018004292040132,404.0,35859.0,300,0.25,12000
119,119,9.094268792076036,412.0,36161.0,300,0.25,12000
120,120,9.17225345899351,421.0,36463.0,300,0.25,12000
121,121,9.249207959044725,421.0,36764.0,300,0.25,12000
122,122,9.32511145900935,421.0,37065.0,300,0.25,12000
123,123,9.400857125059702,421.0,37366.0,300,0.25,12000
124,124,9.476419834070839,421.0,37667.0,300,0.25,12000
125,125,9.552494167000987,423.0,37969.0,300,0.25,12000
126,126,9.628616000059992,432.0,38271.0,300,0.25,12000
127,127,9.703895625076257,433.0,38573.0,300,0.25,12000
128,128,9.77976820897311,446.0,38875.0,300,0.25,12000
129,129,9.855609917081892,446.0,39176.0,300,0.25,12000
130,130,9.930800792062655,446.0,39477.0,300,0.25,12000
131,131,10.006333792000078,446.0,39778.0,300,0.25,12000
132,132,10.081973124993965,446.0,40079.0,300,0.25,12000
133,133,10.157556000049226,447.0,40381.0,300,0.25,12000
134,134,10.233059333986603,447.0,40682.0,300,0.25,12000
135,135,10.308787084068172,468.0,40984.0,300,0.25,12000
136,136,10.384303250000812,468.0,41285.0,300,0.25,12000
137,137,10.459705083980225,468.0,41586.0,300,0.25,12000
138,138,10.535112124984153,468.0,41887.0,300,0.25,12000
139,139,10.61066424997989,468.0,42188.0,300,0.25,12000
140,140,10.686332500074059,471.0,42490.0,300,0.25,12000
141,141,10.762174334027804,471.0,42791.0,300,0.25,12000
142,142,10.840278542018496,471.0,43092.0,300,0.25,12000
143,143,10.9168359170435,474.0,43394.0,300,0.25,12000
144,144,10.993592499988154,474.0,43695.0,300,0.25,12000
145,145,11.069067750009708,474.0,43996.0,300,0.25,12000
146,146,11.145055458997376,482.0,44298.0,300,0.25,12000
147,147,11.221013374975882,484.0,44600.0,300,0.25,12000
148,148,11.296994167030789,486.0,44902.0,300,0.25,12000
149,149,11.372587167075835,486.0,45203.0,300,0.25,12000
150,150,11.448950459016487,489.0,45505.0,300,0.25,12000
151,151,11.527875749976374,495.0,45807.0,300,0.25,12000
152,152,11.604949124972336,495.0,46108.0,300,0.25,12000
153,153,11.681832875008695,502.0,46410.0,300,0.25,12000
154,154,11.759224959067069,505.0,46712.0,300,0.25,12000
155,155,11.835002042003907,505.0,47013.0,300,0.25,12000
156,156,11.910543959005736,508.0,47315.0,300,0.25,12000
157,157,11.987006042036228,508.0,47616.0,300,0.25,12000
158,158,12.063021334004588,515.0,47918.0,300,0.25,12000
159,159,12.139372417004779,515.0,48219.0,300,0.25,12000
160,160,12.214865416986868,518.0,48521.0,300,0.25,12000
161,161,12.291149709024467,518.0,48822.0,300,0.25,12000
162,162,12.366581042064354,522.0,49124.0,300,0.25,12000
163,163,12.442332459031604,522.0,49425.0,300,0.25,12000
164,164,12.517949750064872,524.0,49727.0,300,0.25,12000
165,165,12.593983834027313,524.0,50028.0,300,0.25,12000
166,166,12.669655042001978,532.0,50330.0,300,0.25,12000
167,167,12.745704791974276,537.0,50632.0,300,0.25,12000
168,168,12.820799709064886,537.0,50933.0,300,0.25,12000
169,169,12.899455500068143,538.0,51235.0,300,0.25,12000
170,170,12.976438625017181,538.0,51536.0,300,0.25,12000
171,171,13.052451292052865,545.0,51838.0,300,0.25,12000
172,172,13.128736292012036,555.0,52140.0,300,0.25,12000
173,173,13.204051084001549,555.0,52441.0,300,0.25,12000
174,174,13.2798190000467,555.0,52742.0,300,0.25,12000
175,175,13.35543704207521,555.0,53043.0,300,0.25,12000
176,176,13.43141249998007,564.0,53345.0,300,0.25,12000
177,177,13.50727433396969,564.0,53646.0,300,0.25,12000
178,178,13.582982792053372,564.0,53947.0,300,0.25,12000
179,179,13.658868792001158,566.0,54249.0,300,0.25,12000
180,180,13.7341781250434,566.0,54550.0,300,0.25,12000
181,181,13.809809708967805,566.0,54851.0,300,0.25,12000
182,182,13.88531675003469,570.0,55153.0,300,0.25,12000
183,183,13.96087837498635,573.0,55455.0,300,0.25,12000
184,184,14.03660358407069,574.0,55757.0,300,0.25,12000
185,185,14.111787833971903,580.0,56059.0,300,0.25,12000
186,186,14.187406084034592,580.0,56360.0,300,0.25,12000
187,187,14.262802375014871,580.0,56661.0,300,0.25,12000
188,188,14.33861233398784,583.0,56963.0,300,0.25,12000
189,189,14.414437500061467,588.0,57265.0,300,0.25,12000
190,190,14.48984608403407,588.0,57566.0,300,0.25,12000
191,191,14.56616116699297,588.0,57867.0,300,0.25,12000
192,192,14.64297683397308,590.0,58169.0,300,0.25,12000
193,193,14.71918600006029,594.0,58471.0,300,0.25,12000
194,194,14.794827334000729,594.0,58772.0,300,0.25,12000
195,195,14.87045525002759,597.0,59074.0,300,0.25,12000
196,196,14.949794042040594,601.0,59376.0,300,0.25,12000
197,197,15.026075541973114,601.0,59677.0,300,0.25,12000
198,198,15.151195709011517,604.0,59979.0,300,0.25,12000
199,199,15.227871875045821,604.0,60280.0,300,0.25,12000
200,200,15.3042057499988,608.0,60582.0,300,0.25,12000
201,201,15.380486999987625,609.0,60884.0,300,0.25,12000
202,202,15.456120250048116,609.0,61185.0,300,0.25,12000
203,203,15.534724583965726,610.0,61487.0,300,0.25,12000
204,204,15.612916250014678,615.0,61789.0,300,0.25,12000
205,205,15.688974875025451,615.0,62090.0,300,0.25,12000
206,206,15.764778958982788,615.0,62391.0,300,0.25,12000
207,207,15.840532375033945,618.0,62693.0,300,0.25,12000
208,208,15.916416167048737,618.0,62994.0,300,0.25,12000
209,209,15.992018833989277,620.0,63296.0,300,0.25,12000
210,210,16.06741995899938,624.0,63598.0,300,0.25,12000
211,211,16.143232209025882,624.0,63899.0,300,0.25,12000
212,212,16.220682459068485,624.0,64200.0,300,0.25,12000
213,213,16.297109417035244,630.0,64502.0,300,0.25,12000
214,214,16.372823541983962,630.0,64803.0,300,0.25,12000
215,215,16.448905333993025,633.0,65105.0,300,0.25,12000
216,216,16.525042499997653,633.0,65406.0,300,0.25,12000
217,217,16.600787583971396,633.0,65707.0,300,0.25,12000
218,218,16.6765708749881,633.0,66008.0,300,0.25,12000
219,219,16.752165084006265,634.0,66310.0,300,0.25,12000
220,220,16.827540667029098,640.0,66612.0,300,0.25,12000
221,221,16.903143709059805,640.0,66913.0,300,0.25,12000
222,222,16.981757209054194,641.0,67215.0,300,0.25,12000
223,223,17.058352667023428,641.0,67516.0,300,0.25,12000
224,224,17.134618291980587,642.0,67818.0,300,0.25,12000
225,225,17.2105660000816,642.0,68119.0,300,0.25,12000
226,226,17.286076458985917,642.0,68420.0,300,0.25,12000
227,227,17.36186920898035,644.0,68722.0,300,0.25,12000
228,228,17.437778000021353,646.0,69024.0,300,0.25,12000
229,229,17.513385834055953,646.0,69325.0,300,0.25,12000
230,230,17.589006834081374,649.0,69627.0,300,0.25,12000
231,231,17.664428625022992,649.0,69928.0,300,0.25,12000
232,232,17.739840334048495,652.0,70230.0,300,0.25,12000
233,233,17.815552334068343,654.0,70532.0,300,0.25,12000
234,234,17.89181841700338,660.0,70834.0,300,0.25,12000
235,235,17.966846292023547,660.0,71135.0,300,0.25,12000
236,236,18.043343291967176,660.0,71436.0,300,0.25,12000
237,237,18.119470583973452,660.0,71737.0,300,0.25,12000
238,238,18.19509208400268,660.0,72038.0,300,0.25,12000
239,239,18.271212792024016,662.0,72340.0,300,0.25,12000
240,240,18.34799074998591,662.0,72641.0,300,0.25,12000
241,241,18.423591375001706,663.0,72943.0,300,0.25,12000
242,242,18.499547166982666,663.0,73244.0,300,0.25,12000
243,243,18.575151209020987,665.0,73546.0,300,0.25,12000
244,244,18.650362459011376,665.0,73847.0,300,0.25,12000
245,245,18.725928041967563,666.0,74149.0,300,0.25,12000
246,246,18.802121291984804,667.0,74451.0,300,0.25,12000
247,247,18.87771337502636,667.0,74752.0,300,0.25,12000
248,248,18.954003375023603,670.0,75054.0,300,0.25,12000
249,249,19.03183774999343,670.0,75355.0,300,0.25,12000
250,250,19.107673875056207,672.0,75657.0,300,0.25,12000
251,251,19.183402916998602,675.0,75959.0,300,0.25,12000
252,252,19.259534417069517,675.0,76260.0,300,0.25,12000
253,253,19.336328958976083,675.0,76561.0,300,0.25,12000
254,254,19.412390500074252,675.0,76862.0,300,0.25,12000
255,255,19.488235375029035,676.0,77164.0,300,0.25,12000
256,256,19.564014542032965,676.0,77465.0,300,0.25,12000
257,257,19.63952850003261,677.0,77767.0,300,0.25,12000
258,258,19.715399125008844,677.0,78068.0,300,0.25,12000
259,259,19.791201499989256,679.0,78370.0,300,0.25,12000
260,260,19.867412667023018,679.0,78671.0,300,0.25,12000
261,261,19.943036834010854,681.0,78973.0,300,0.25,12000
262,262,20.018811666988768,681.0,79274.0,300,0.25,12000
263,263,20.094163208967075,681.0,79575.0,300,0.25,12000
264,264,20.169653792050667,683.0,79877.0,300,0.25,12000
265,265,20.246029834030196,684.0,80179.0,300,0.25,12000
266,266,20.32120337500237,684.0,80480.0,300,0.25,12000
267,267,20.397126459050924,686.0,80782.0,300,0.25,12000
268,268,20.473126084078103,686.0,81083.0,300,0.25,12000
269,269,20.548932250007056,686.0,81384.0,300,0.25,12000
270,270,20.62493050005287,686.0,81685.0,300,0.25,12000
271,271,20.70065616699867,687.0,81987.0,300,0.25,12000
272,272,20.776013000053354,687.0,82288.0,300,0.25,12000
273,273,20.851133209071122,687.0,82589.0,300,0.25,12000
274,274,20.926702209049836,688.0,82891.0,300,0.25,12000
275,275,21.003784041968174,688.0,83192.0,300,0.25,12000
276,276,21.08165075001307,688.0,83493.0,300,0.25,12000
277,277,21.157820541993715,690.0,83795.0,300,0.25,12000
278,278,21.23344229196664,690.0,84096.0,300,0.25,12000
279,279,21.309578209067695,692.0,84398.0,300,0.25,12000
280,280,21.386327709071338,692.0,84699.0,300,0.25,12000
281,281,21.462703666999005,693.0,85001.0,300,0.25,12000
282,282,21.538936458993703,694.0,85303.0,300,0.25,12000
283,283,21.615040458971635,694.0,85604.0,300,0.25,12000
284,284,21.6908439170802,695.0,85906.0,300,0.25,12000
285,285,21.76658270903863,695.0,86207.0,300,0.25,12000
286,286,21.84160712501034,695.0,86508.0,300,0.25,12000
287,287,21.917370917042717,696.0,86810.0,300,0.25,12000
288,288,21.993394750053994,697.0,87112.0,300,0.25,12000
289,289,22.068772583967075,697.0,87413.0,300,0.25,12000
290,290,22.14381670905277,697.0,87714.0,300,0.25,12000
291,291,22.219747917028144,699.0,88016.0,300,0.25,12000
292,292,22.295909584034234,699.0,88317.0,300,0.25,12000
293,293,22.370998834026977,699.0,88618.0,300,0.25,12000
294,294,22.44669833406806,699.0,88919.0,300,0.25,12000
295,295,22.523717334028333,699.0,89220.0,300,0.25,12000
296,296,22.599540875060484,699.0,89521.0,300,0.25,12000
297,297,22.675244334037416,700.0,89823.0,300,0.25,12000
298,298,22.750212584040128,700.0,90124.0,300,0.25,12000
299,299,22.82541825005319,700.0,90425.0,300,0.25,12000
300,300,22.90067295904737,700.0,90726.0,300,0.25,12000
301,301,22.976613959064707,703.0,91028.0,300,0.25,12000
302,302,23.05408841697499,703.0,91329.0,300,0.25,12000
303,303,23.13224520906806,703.0,91630.0,300,0.25,12000
304,304,23.208181834081188,703.0,91931.0,300,0.25,12000
305,305,23.283775584073737,703.0,92232.0,300,0.25,12000
306,306,23.35880912502762,703.0,92533.0,300,0.25,12000
307,307,23.43462225003168,705.0,92835.0,300,0.25,12000
308,308,23.511366542079486,705.0,93136.0,300,0.25,12000
309,309,23.587334166979417,705.0,93437.0,300,0.25,12000
310,310,23.66258762497455,705.0,93738.0,300,0.25,12000
311,311,23.738405958982185,706.0,94040.0,300,0.25,12000
312,312,23.8137321670074,706.0,94341.0,300,0.25,12000
313,313,23.88944729208015,707.0,94643.0,300,0.25,12000
314,314,23.965259375050664,707.0,94944.0,300,0.25,12000
315,315,24.04055487504229,708.0,95246.0,300,0.25,12000
316,316,24.116476666997187,710.0,95548.0,300,0.25,12000
317,317,24.191543583991006,710.0,95849.0,300,0.25,12000
318,318,24.266682208981365,710.0,96150.0,300,0.25,12000
319,319,24.341894084005617,710.0,96451.0,300,0.25,12000
320,320,24.417036166996695,710.0,96752.0,300,0.25,12000
321,321,24.49213949998375,710.0,97053.0,300,0.25,12000
322,322,24.567029000027105,711.0,97355.0,300,0.25,12000
323,323,24.64227829198353,711.0,97656.0,300,0.25,12000
324,324,24.71784200007096,711.0,97957.0,300,0.25,12000
325,325,24.79304670903366,711.0,98258.0,300,0.25,12000
326,326,24.868267167010345,713.0,98560.0,300,0.25,12000
327,327,24.94410850002896,713.0,98861.0,300,0.25,12000
328,328,25.019584374967963,713.0,99162.0,300,0.25,12000
329,329,25.09704916703049,713.0,99463.0,300,0.25,12000
330,330,25.17409845907241,714.0,99765.0,300,0.25,12000
331,331,25.249808959080838,714.0,100066.0,300,0.25,12000
332,332,25.325530208996497,714.0,100367.0,300,0.25,12000
333,333,25.40115120902192,715.0,100669.0,300,0.25,12000
334,334,25.47717662504874,715.0,100970.0,300,0.25,12000
335,335,25.552252541994676,715.0,101271.0,300,0.25,12000
336,336,25.627559417043813,715.0,101572.0,300,0.25,12000
337,337,25.70266058400739,715.0,101873.0,300,0.25,12000
338,338,25.777713792049326,716.0,102175.0,300,0.25,12000
339,339,25.853378292056732,717.0,102477.0,300,0.25,12000
340,340,25.928819917025976,717.0,102778.0,300,0.25,12000
341,341,26.004000000073574,717.0,103079.0,300,0.25,12000
342,342,26.079429666977376,718.0,103381.0,300,0.25,12000
343,343,26.15495900006499,718.0,103682.0,300,0.25,12000
344,344,26.229917959077284,718.0,103983.0,300,0.25,12000
345,345,26.305216750013642,718.0,104284.0,300,0.25,12000
346,346,26.3804992090445,718.0,104585.0,300,0.25,12000
347,347,26.45577345904894,718.0,104886.0,300,0.25,12000
348,348,26.531007250072435,718.0,105187.0,300,0.25,12000
349,349,26.60753462498542,718.0,105488.0,300,0.25,12000
350,350,26.68425616703462,718.0,105789.0,300,0.25,12000
351,351,26.76063808402978,719.0,106091.0,300,0.25,12000
352,352,26.83601037506014,719.0,106392.0,300,0.25,12000
353,353,26.911641209037043,719.0,106693.0,300,0.25,12000
354,354,26.987137209041975,720.0,106995.0,300,0.25,12000
355,355,27.063279709080234,720.0,107296.0,300,0.25,12000
356,356,27.14096566697117,720.0,107597.0,300,0.25,12000
357,357,27.216887291986495,720.0,107898.0,300,0.25,12000
358,358,27.29242054198403,720.0,108199.0,300,0.25,12000
359,359,27.367980625014752,721.0,108501.0,300,0.25,12000
360,360,27.44330520904623,721.0,108802.0,300,0.25,12000
361,361,27.51832908403594,721.0,109103.0,300,0.25,12000
362,362,27.593479917035438,721.0,109404.0,300,0.25,12000
363,363,27.66870033403393,721.0,109705.0,300,0.25,12000
364,364,27.743608792079613,721.0,110006.0,300,0.25,12000
365,365,27.81902216700837,722.0,110308.0,300,0.25,12000
366,366,27.89459679205902,722.0,110609.0,300,0.25,12000
367,367,27.97005612507928,722.0,110910.0,300,0.25,12000
368,368,28.045356250018813,722.0,111211.0,300,0.25,12000
369,369,28.121662375051528,722.0,111512.0,300,0.25,12000
370,370,28.19739795906935,722.0,111813.0,300,0.25,12000
371,371,28.272632875014096,722.0,112114.0,300,0.25,12000
372,372,28.348133541992866,722.0,112415.0,300,0.25,12000
373,373,28.423386459005997,722.0,112716.0,300,0.25,12000
374,374,28.498539375024848,722.0,113017.0,300,0.25,12000
375,375,28.57419483398553,722.0,113318.0,300,0.25,12000
376,376,28.649225417058915,722.0,113619.0,300,0.25,12000
377,377,28.724949875031598,723.0,113921.0,300,0.25,12000
378,378,28.80045062501449,723.0,114222.0,300,0.25,12000
379,379,28.87569416698534,723.0,114523.0,300,0.25,12000
380,380,28.951044292072766,723.0,114824.0,300,0.25,12000
381,381,29.02636270900257,723.0,115125.0,300,0.25,12000
382,382,29.101133792079054,723.0,115426.0,300,0.25,12000
383,383,29.17793291702401,723.0,115727.0,300,0.25,12000
384,384,29.255302209057845,724.0,116029.0,300,0.25,12000
385,385,29.331357125076465,724.0,116330.0,300,0.25,12000
386,386,29.40678629197646,724.0,116631.0,300,0.25,12000
387,387,29.482359750079922,724.0,116932.0,300,0.25,12000
388,388,29.55763954203576,724.0,117233.0,300,0.25,12000
389,389,29.632734125014395,724.0,117534.0,300,0.25,12000
390,390,29.707926374976523,725.0,117836.0,300,0.25,12000
391,391,29.783459041966125,725.0,118137.0,300,0.25,12000
392,392,29.85866279201582,725.0,118438.0,300,0.25,12000
393,393,29.934137333999388,725.0,118739.0,300,0.25,12000
394,394,30.008939084014855,725.0,119040.0,300,0.25,12000
395,395,30.084097584011033,725.0,119341.0,300,0.25,12000
396,396,30.159368542023003,725.0,119642.0,300,0.25,12000
397,397,30.234074709005654,725.0,119943.0,300,0.25,12000
398,398,30.309063917025924,725.0,120244.0,300,0.25,12000
399,399,30.38395383406896,725.0,120545.0,300,0.25,12000
400,400,30.458733750041574,725.0,120846.0,300,0.25,12000
401,401,30.533943208982237,726.0,121148.0,300,0.25,12000
402,402,30.60962516698055,727.0,121450.0,300,0.25,12000
403,403,30.684186208993196,727.0,121751.0,300,0.25,12000
404,404,30.75931987504009,727.0,122052.0,300,0.25,12000
405,405,30.834080458967946,727.0,122353.0,300,0.25,12000
406,406,30.909151458996348,727.0,122654.0,300,0.25,12000
407,407,30.984250959008932,727.0,122955.0,300,0.25,12000
408,408,31.05965395900421,728.0,123257.0,300,0.25,12000
409,409,31.13491620903369,728.0,123558.0,300,0.25,12000
410,410,31.211327209020965,728.0,123859.0,300,0.25,12000
411,411,31.28804300003685,728.0,124160.0,300,0.25,12000
412,412,31.36307508405298,728.0,124461.0,300,0.25,12000
413,413,31.438015792053193,728.0,124762.0,300,0.25,12000
414,414,31.513072874979116,728.0,125063.0,300,0.25,12000
415,415,31.588471209048294,729.0,125365.0,300,0.25,12000
416,416,31.663906375062652,729.0,125666.0,300,0.25,12000
417,417,31.739148500026204,729.0,125967.0,300,0.25,12000
418,418,31.814208541996777,729.0,126268.0,300,0.25,12000
419,419,31.889954834012315,729.0,126569.0,300,0.25,12000
420,420,31.965643375064246,730.0,126871.0,300,0.25,12000
421,421,32.04092187504284,730.0,127172.0,300,0.25,12000
422,422,32.11627058405429,730.0,127473.0,300,0.25,12000
423,423,32.191402666969225,730.0,127774.0,300,0.25,12000
424,424,32.26706537499558,731.0,128076.0,300,0.25,12000
425,425,32.34207408397924,731.0,128377.0,300,0.25,12000
426,426,32.4171674590325,731.0,128678.0,300,0.25,12000
427,427,32.49235445901286,731.0,128979.0,300,0.25,12000
428,428,32.5677213750314,732.0,129281.0,300,0.25,12000
429,429,32.642469458980486,732.0,129582.0,300,0.25,12000
430,430,32.71759670902975,732.0,129883.0,300,0.25,12000
431,431,32.79280804202426,732.0,130184.0,300,0.25,12000
432,432,32.86775979201775,732.0,130485.0,300,0.25,12000
433,433,32.94278237503022,732.0,130786.0,300,0.25,12000
434,434,33.017880583996885,732.0,131087.0,300,0.25,12000
435,435,33.09344270906877,733.0,131389.0,300,0.25,12000
436,436,33.16874633403495,733.0,131690.0,300,0.25,12000
437,437,33.24531937506981,733.0,131991.0,300,0.25,12000
438,438,33.322789833997376,733.0,132292.0,300,0.25,12000
439,439,33.39823958405759,733.0,132593.0,300,0.25,12000
440,440,33.473438000073656,733.0,132894.0,300,0.25,12000
441,441,33.54905687505379,733.0,133195.0,300,0.25,12000
442,442,33.62463241699152,733.0,133496.0,300,0.25,12000
443,443,33.700358125031926,733.0,133797.0,300,0.25,12000
444,444,33.77572537504602,733.0,134098.0,300,0.25,12000
445,445,33.85097145906184,733.0,134399.0,300,0.25,12000
446,446,33.926113249966875,733.0,134700.0,300,0.25,12000
447,447,34.00368483399507,733.0,135001.0,300,0.25,12000
448,448,34.07973787502851,733.0,135302.0,300,0.25,12000
449,449,34.15532779204659,735.0,135604.0,300,0.25,12000
450,450,34.230717750033364,735.0,135905.0,300,0.25,12000
451,451,34.30559420899954,735.0,136206.0,300,0.25,12000
452,452,34.38050125003792,735.0,136507.0,300,0.25,12000
453,453,34.45569937501568,735.0,136808.0,300,0.25,12000
454,454,34.53072987496853,735.0,137109.0,300,0.25,12000
455,455,34.60596479207743,735.0,137410.0,300,0.25,12000
456,456,34.681237583979964,736.0,137712.0,300,0.25,12000
457,457,34.757459167041816,736.0,138013.0,300,0.25,12000
458,458,34.83351783407852,736.0,138314.0,300,0.25,12000
459,459,34.909172208979726,736.0,138615.0,300,0.25,12000
460,460,34.98440170905087,736.0,138916.0,300,0.25,12000
461,461,35.059956292039715,736.0,139217.0,300,0.25,12000
462,462,35.135551291983575,736.0,139518.0,300,0.25,12000
463,463,35.211226125014946,736.0,139819.0,300,0.25,12000
464,464,35.287976667052135,736.0,140120.0,300,0.25,12000
465,465,35.365983417024836,737.0,140422.0,300,0.25,12000
466,466,35.442140334052965,737.0,140723.0,300,0.25,12000
467,467,35.518436292069964,737.0,141024.0,300,0.25,12000
468,468,35.59395445906557,737.0,141325.0,300,0.25,12000
469,469,35.66974487504922,737.0,141626.0,300,0.25,12000
470,470,35.74543662497308,737.0,141927.0,300,0.25,12000
471,471,35.82124058401678,738.0,142229.0,300,0.25,12000
472,472,35.896760208997875,738.0,142530.0,300,0.25,12000
473,473,35.97317237500101,738.0,142831.0,300,0.25,12000
474,474,36.04867058398668,738.0,143132.0,300,0.25,12000
475,475,36.12401825003326,738.0,143433.0,300,0.25,12000
476,476,36.19944383401889,739.0,143735.0,300,0.25,12000
477,477,36.27561087498907,739.0,144036.0,300,0.25,12000
478,478,36.350706042023376,739.0,144337.0,300,0.25,12000
479,479,36.42583987500984,740.0,144639.0,300,0.25,12000
480,480,36.501413125079125,740.0,144940.0,300,0.25,12000
481,481,36.576973334071226,740.0,145241.0,300,0.25,12000
482,482,36.65227737498935,740.0,145542.0,300,0.25,12000
483,483,36.728088750038296,740.0,145843.0,300,0.25,12000
484,484,36.80372470896691,740.0,146144.0,300,0.25,12000
485,485,36.87888870900497,740.0,146445.0,300,0.25,12000
486,486,36.95420216699131,740.0,146746.0,300,0.25,12000
487,487,37.02937091700733,740.0,147047.0,300,0.25,12000
488,488,37.10467083402909,740.0,147348.0,300,0.25,12000
489,489,37.17985612503253,740.0,147649.0,300,0.25,12000
490,490,37.25511887506582,740.0,147950.0,300,0.25,12000
491,491,37.331969083985314,740.0,148251.0,300,0.25,12000
492,492,37.409744875039905,741.0,148553.0,300,0.25,12000
493,493,37.485515084001236,741.0,148854.0,300,0.25,12000
494,494,37.56081262498628,741.0,149155.0,300,0.25,12000
495,495,37.636671459069476,741.0,149456.0,300,0.25,12000
496,496,37.712391791981645,742.0,149758.0,300,0.25,12000
497,497,37.78750375006348,742.0,150059.0,300,0.25,12000
498,498,37.86246408405714,742.0,150360.0,300,0.25,12000
499,499,37.93764254206326,742.0,150661.0,300,0.25,12000
500,500,38.01282933400944,742.0,150962.0,300,0.25,12000
501,501,38.08787308400497,742.0,151263.0,300,0.25,12000
502,502,38.16446820902638,742.0,151564.0,300,0.25,12000
503,503,38.240173166967,742.0,151865.0,300,0.25,12000
504,504,38.31526695901994,743.0,152167.0,300,0.25,12000
505,505,38.390337291988544,743.0,152468.0,300,0.25,12000
506,506,38.4654309169855,743.0,152769.0,300,0.25,12000
507,507,38.54015195905231,743.0,153070.0,300,0.25,12000
508,508,38.615916416980326,743.0,153371.0,300,0.25,12000
509,509,38.6925960839726,743.0,153672.0,300,0.25,12000
510,510,38.7685722920578,743.0,153973.0,300,0.25,12000
511,511,38.847923333989456,743.0,154274.0,300,0.25,12000
512,512,38.92344975005835,743.0,154575.0,300,0.25,12000
513,513,38.99866737506818,743.0,154876.0,300,0.25,12000
514,514,39.07411166699603,743.0,155177.0,300,0.25,12000
515,515,39.152506625046954,743.0,155478.0,300,0.25,12000
516,516,39.230307542020455,744.0,155780.0,300,0.25,12000
517,517,39.30659137503244,744.0,156081.0,300,0.25,12000
518,518,39.3847315000603,744.0,156382.0,300,0.25,12000
519,519,39.461150916991755,744.0,156683.0,300,0.25,12000
520,520,39.537221709033474,744.0,156984.0,300,0.25,12000
521,521,39.61289995897096,744.0,157285.0,300,0.25,12000
522,522,39.68828358408064,744.0,157586.0,300,0.25,12000
523,523,39.76372812502086,744.0,157887.0,300,0.25,12000
524,524,39.83985833404586,744.0,158188.0,300,0.25,12000
525,525,39.91535212507006,744.0,158489.0,300,0.25,12000
526,526,39.990498709026724,745.0,158791.0,300,0.25,12000
527,527,40.066227209055796,745.0,159092.0,300,0.25,12000
528,528,40.14166733401362,745.0,159393.0,300,0.25,12000
529,529,40.21699166705366,745.0,159694.0,300,0.25,12000
530,530,40.292682333965786,745.0,159995.0,300,0.25,12000
531,531,40.368059750064276,745.0,160296.0,300,0.25,12000
532,532,40.44339016696904,745.0,160597.0,300,0.25,12000
533,533,40.518476792029105,745.0,160898.0,300,0.25,12000
534,534,40.59338254202157,745.0,161199.0,300,0.25,12000
535,535,40.66858649998903,745.0,161500.0,300,0.25,12000
536,536,40.744026542059146,745.0,161801.0,300,0.25,12000
537,537,40.81968983402476,746.0,162103.0,300,0.25,12000
538,538,40.89505150006153,746.0,162404.0,300,0.25,12000
539,539,40.97016829205677,746.0,162705.0,300,0.25,12000
540,540,41.04546070902143,746.0,163006.0,300,0.25,12000
541,541,41.12064104201272,746.0,163307.0,300,0.25,12000
542,542,41.197720500058495,746.0,163608.0,300,0.25,12000
543,543,41.274428875069134,746.0,163909.0,300,0.25,12000
544,544,41.349953334080055,746.0,164210.0,300,0.25,12000
545,545,41.427821750054136,746.0,164511.0,300,0.25,12000
546,546,41.5048114170786,746.0,164812.0,300,0.25,12000
547,547,41.58071329200175,746.0,165113.0,300,0.25,12000
548,548,41.6563631669851,746.0,165414.0,300,0.25,12000
549,549,41.73210179200396,746.0,165715.0,300,0.25,12000
550,550,41.807612083968706,746.0,166016.0,300,0.25,12000
551,551,41.882996000000276,746.0,166317.0,300,0.25,12000
552,552,41.95847604202572,746.0,166618.0,300,0.25,12000
553,553,42.03331500000786,746.0,166919.0,300,0.25,12000
554,554,42.108453750028275,746.0,167220.0,300,0.25,12000
555,555,42.18366329197306,746.0,167521.0,300,0.25,12000
556,556,42.2592460840242,746.0,167822.0,300,0.25,12000
557,557,42.334953084005974,746.0,168123.0,300,0.25,12000
558,558,42.41048000007868,746.0,168424.0,300,0.25,12000
559,559,42.48614566703327,746.0,168725.0,300,0.25,12000
560,560,42.561621958971955,746.0,169026.0,300,0.25,12000
561,561,42.63741675007623,746.0,169327.0,300,0.25,12000
562,562,42.71271437499672,746.0,169628.0,300,0.25,12000
563,563,42.7882723340299,746.0,169929.0,300,0.25,12000
564,564,42.86383420904167,746.0,170230.0,300,0.25,12000
565,565,42.939383542048745,746.0,170531.0,300,0.25,12000
566,566,43.015499916975386,746.0,170832.0,300,0.25,12000
567,567,43.09203287505079,746.0,171133.0,300,0.25,12000
568,568,43.16807833407074,746.0,171434.0,300,0.25,12000
569,569,43.24415283405688,746.0,171735.0,300,0.25,12000
570,570,43.32056250004098,746.0,172036.0,300,0.25,12000
571,571,43.39595137501601,746.0,172337.0,300,0.25,12000
572,572,43.47414249996655,747.0,172639.0,300,0.25,12000
573,573,43.551309459027834,747.0,172940.0,300,0.25,12000
574,574,43.62714779202361,747.0,173241.0,300,0.25,12000
575,575,43.70303891703952,747.0,173542.0,300,0.25,12000
576,576,43.778824709006585,747.0,173843.0,300,0.25,12000
577,577,43.85451924998779,747.0,174144.0,300,0.25,12000
578,578,43.93035141704604,747.0,174445.0,300,0.25,12000
579,579,44.00639445905108,747.0,174746.0,300,0.25,12000
580,580,44.082057834020816,747.0,175047.0,300,0.25,12000
581,581,44.15811429207679,747.0,175348.0,300,0.25,12000
582,582,44.23328745900653,747.0,175649.0,300,0.25,12000
583,583,44.30852229206357,747.0,175950.0,300,0.25,12000
584,584,44.384341416996904,748.0,176252.0,300,0.25,12000
585,585,44.45924033399206,748.0,176553.0,300,0.25,12000
586,586,44.5349059170112,748.0,176854.0,300,0.25,12000
587,587,44.610075125005096,748.0,177155.0,300,0.25,12000
588,588,44.68574608396739,748.0,177456.0,300,0.25,12000
589,589,44.76072700007353,748.0,177757.0,300,0.25,12000
590,590,44.83649862499442,748.0,178058.0,300,0.25,12000
591,591,44.91215450002346,748.0,178359.0,300,0.25,12000
592,592,44.98756933398545,748.0,178660.0,300,0.25,12000
593,593,45.06364599999506,748.0,178961.0,300,0.25,12000
594,594,45.13904637505766,748.0,179262.0,300,0.25,12000
595,595,45.21430724998936,748.0,179563.0,300,0.25,12000
596,596,45.28977849998046,748.0,179864.0,300,0.25,12000
597,597,45.3647037090268,748.0,180165.0,300,0.25,12000
598,598,45.440102167078294,748.0,180466.0,300,0.25,12000
599,599,45.51832833397202,748.0,180767.0,300,0.25,12000
600,600,45.59470791707281,748.0,181068.0,300,0.25,12000
601,601,45.67117787501775,748.0,181369.0,300,0.25,12000
602,602,45.74647766700946,748.0,181670.0,300,0.25,12000
603,603,45.82192962500267,748.0,181971.0,300,0.25,12000
604,604,45.89772533404175,748.0,182272.0,300,0.25,12000
605,605,45.97304150008131,748.0,182573.0,300,0.25,12000
606,606,46.047990416991524,748.0,182874.0,300,0.25,12000
607,607,46.12340829207096,748.0,183175.0,300,0.25,12000
608,608,46.19878758396953,748.0,183476.0,300,0.25,12000
609,609,46.27420212503057,748.0,183777.0,300,0.25,12000
610,610,46.34970220900141,748.0,184078.0,300,0.25,12000
611,611,46.42479700001422,748.0,184379.0,300,0.25,12000
612,612,46.500288084032945,748.0,184680.0,300,0.25,12000
613,613,46.57575399999041,748.0,184981.0,300,0.25,12000
614,614,46.65095958404709,748.0,185282.0,300,0.25,12000
615,615,46.726155334035866,748.0,185583.0,300,0.25,12000
616,616,46.801623875042424,748.0,185884.0,300,0.25,12000
617,617,46.87743162503466,748.0,186185.0,300,0.25,12000
618,618,46.95342637505382,748.0,186486.0,300,0.25,12000
619,619,47.028687500045635,748.0,186787.0,300,0.25,12000
620,620,47.10410429199692,748.0,187088.0,300,0.25,12000
621,621,47.17989366699476,750.0,187390.0,300,0.25,12000
622,622,47.2554775000317,750.0,187691.0,300,0.25,12000
623,623,47.330898666987196,750.0,187992.0,300,0.25,12000
624,624,47.40660674998071,750.0,188293.0,300,0.25,12000
625,625,47.481964292004704,750.0,188594.0,300,0.25,12000
626,626,47.56074458407238,750.0,188895.0,300,0.25,12000
627,627,47.63735908397939,750.0,189196.0,300,0.25,12000
628,628,47.7132069170475,750.0,189497.0,300,0.25,12000
629,629,47.78869637497701,750.0,189798.0,300,0.25,12000
630,630,47.86445862497203,750.0,190099.0,300,0.25,12000
631,631,47.93984225008171,750.0,190400.0,300,0.25,12000
632,632,48.014582792064175,750.0,190701.0,300,0.25,12000
633,633,48.09019600006286,750.0,191002.0,300,0.25,12000
634,634,48.16586745902896,750.0,191303.0,300,0.25,12000
635,635,48.241051458986476,750.0,191604.0,300,0.25,12000
636,636,48.31640337500721,750.0,191905.0,300,0.25,12000
637,637,48.39166641701013,750.0,192206.0,300,0.25,12000
638,638,48.46675750007853,750.0,192507.0,300,0.25,12000
639,639,48.542012625024654,750.0,192808.0,300,0.25,12000
640,640,48.61720229208004,750.0,193109.0,300,0.25,12000
641,641,48.69237341696862,750.0,193410.0,300,0.25,12000
642,642,48.767558666993864,750.0,193711.0,300,0.25,12000
643,643,48.84276258398313,750.0,194012.0,300,0.25,12000
644,644,48.9181713340804,750.0,194313.0,300,0.25,12000
645,645,48.99408683401998,750.0,194614.0,300,0.25,12000
646,646,49.069204166997224,750.0,194915.0,300,0.25,12000
647,647,49.144211292034015,750.0,195216.0,300,0.25,12000
648,648,49.21928687498439,750.0,195517.0,300,0.25,12000
649,649,49.29466150002554,750.0,195818.0,300,0.25,12000
650,650,49.36984441697132,750.0,196119.0,300,0.25,12000
651,651,49.44498987507541,750.0,196420.0,300,0.25,12000
652,652,49.52033774997108,750.0,196721.0,300,0.25,12000
653,653,49.59828975005075,750.0,197022.0,300,0.25,12000
654,654,49.67428883397952,750.0,197323.0,300,0.25,12000
655,655,49.74956437502988,750.0,197624.0,300,0.25,12000
656,656,49.82483508402947,750.0,197925.0,300,0.25,12000
657,657,49.89996766706463,750.0,198226.0,300,0.25,12000
658,658,49.975330500048585,750.0,198527.0,300,0.25,12000
659,659,50.05095491698012,750.0,198828.0,300,0.25,12000
660,660,50.12879175005946,750.0,199129.0,300,0.25,12000
661,661,50.20487850008067,750.0,199430.0,300,0.25,12000
662,662,50.280566000030376,750.0,199731.0,300,0.25,12000
663,663,50.355966500006616,750.0,200032.0,300,0.25,12000
664,664,50.43196425004862,750.0,200333.0,300,0.25,12000
665,665,50.507628833991475,750.0,200634.0,300,0.25,12000
666,666,50.58320879202802,750.0,200935.0,300,0.25,12000
667,667,50.658912000013515,750.0,201236.0,300,0.25,12000
668,668,50.73629820905626,750.0,201537.0,300,0.25,12000
669,669,50.81352800002787,750.0,201838.0,300,0.25,12000
670,670,50.891072042053565,750.0,202139.0,300,0.25,12000
671,671,50.96738462499343,750.0,202440.0,300,0.25,12000
672,672,51.04368212504778,750.0,202741.0,300,0.25,12000
673,673,51.120155542041175,750.0,203042.0,300,0.25,12000
674,674,51.19668725004885,750.0,203343.0,300,0.25,12000
675,675,51.273030083975755,750.0,203644.0,300,0.25,12000
676,676,51.349698708974756,750.0,203945.0,300,0.25,12000
677,677,51.426215667044744,750.0,204246.0,300,0.25,12000
678,678,51.50237933406606,750.0,204547.0,300,0.25,12000
679,679,51.57884729199577,750.0,204848.0,300,0.25,12000
680,680,51.657722417032346,750.0,205149.0,300,0.25,12000
681,681,51.734045709017664,750.0,205450.0,300,0.25,12000
682,682,51.809657874982804,750.0,205751.0,300,0.25,12000
683,683,51.88549545907881,750.0,206052.0,300,0.25,12000
684,684,51.960789792006835,750.0,206353.0,300,0.25,12000
685,685,52.0362152090529,750.0,206654.0,300,0.25,12000
686,686,52.11207633407321,750.0,206955.0,300,0.25,12000
687,687,52.18756612506695,750.0,207256.0,300,0.25,12000
688,688,52.262627459014766,750.0,207557.0,300,0.25,12000
689,689,52.337911000009626,751.0,207859.0,300,0.25,12000
690,690,52.4130689590238,751.0,208160.0,300,0.25,12000
691,691,52.48824620898813,751.0,208461.0,300,0.25,12000
692,692,52.56336662499234,751.0,208762.0,300,0.25,12000
693,693,52.638869625050575,751.0,209063.0,300,0.25,12000
694,694,52.71392833406571,751.0,209364.0,300,0.25,12000
695,695,52.788884542067535,751.0,209665.0,300,0.25,12000
696,696,52.86365995905362,751.0,209966.0,300,0.25,12000
697,697,52.93826904206071,751.0,210267.0,300,0.25,12000
698,698,53.013955333968624,751.0,210568.0,300,0.25,12000
699,699,53.089329250040464,751.0,210869.0,300,0.25,12000
700,700,53.16417591704521,751.0,211170.0,300,0.25,12000
701,701,53.2391811250709,751.0,211471.0,300,0.25,12000
702,702,53.31485079205595,751.0,211772.0,300,0.25,12000
703,703,53.39003812498413,751.0,212073.0,300,0.25,12000
704,704,53.46505254204385,751.0,212374.0,300,0.25,12000
705,705,53.54047624999657,751.0,212675.0,300,0.25,12000
706,706,53.615563667030074,751.0,212976.0,300,0.25,12000
707,707,53.69399516703561,751.0,213277.0,300,0.25,12000
708,708,53.77016525005456,751.0,213578.0,300,0.25,12000
709,709,53.84511808399111,751.0,213879.0,300,0.25,12000
710,710,53.920609749970026,751.0,214180.0,300,0.25,12000
711,711,53.9959082090063,751.0,214481.0,300,0.25,12000
712,712,54.070742708980106,751.0,214782.0,300,0.25,12000
713,713,54.14565379207488,751.0,215083.0,300,0.25,12000
714,714,54.22096645901911,751.0,215384.0,300,0.25,12000
715,715,54.29583908407949,751.0,215685.0,300,0.25,12000
716,716,54.370969459065236,751.0,215986.0,300,0.25,12000
717,717,54.44647125003394,751.0,216287.0,300,0.25,12000
718,718,54.521399958990514,751.0,216588.0,300,0.25,12000
719,719,54.59600958402734,751.0,216889.0,300,0.25,12000
720,720,54.67140670900699,751.0,217190.0,300,0.25,12000
721,721,54.746790708974004,751.0,217491.0,300,0.25,12000
722,722,54.82292441697791,751.0,217792.0,300,0.25,12000
723,723,54.899140542023815,751.0,218093.0,300,0.25,12000
724,724,54.97465545905288,751.0,218394.0,300,0.25,12000
725,725,55.04986916703638,751.0,218695.0,300,0.25,12000
726,726,55.12480112502817,751.0,218996.0,300,0.25,12000
727,727,55.1998552500736,751.0,219297.0,300,0.25,12000
728,728,55.27556408406235,751.0,219598.0,300,0.25,12000
729,729,55.35076183406636,751.0,219899.0,300,0.25,12000
730,730,55.425928791984916,751.0,220200.0,300,0.25,12000
731,731,55.501513084047474,751.0,220501.0,300,0.25,12000
732,732,55.576622375054285,751.0,220802.0,300,0.25,12000
733,733,55.65159845899325,751.0,221103.0,300,0.25,12000
734,734,55.729872666997835,751.0,221404.0,300,0.25,12000
735,735,55.805817333981395,751.0,221705.0,300,0.25,12000
736,736,55.88156070897821,751.0,222006.0,300,0.25,12000
737,737,55.95732520904858,751.0,222307.0,300,0.25,12000
738,738,56.032555209007114,751.0,222608.0,300,0.25,12000
739,739,56.10792066704016,751.0,222909.0,300,0.25,12000
740,740,56.183119749999605,751.0,223210.0,300,0.25,12000
741,741,56.258667584042996,751.0,223511.0,300,0.25,12000
742,742,56.334096000064164,751.0,223812.0,300,0.25,12000
743,743,56.40885129198432,751.0,224113.0,300,0.25,12000
744,744,56.48489091696683,751.0,224414.0,300,0.25,12000
745,745,56.5614058340434,751.0,224715.0,300,0.25,12000
746,746,56.637344459071755,751.0,225016.0,300,0.25,12000
747,747,56.71377200004645,751.0,225317.0,300,0.25,12000
748,748,56.79029820905998,751.0,225618.0,300,0.25,12000
749,749,56.86775029206183,751.0,225919.0,300,0.25,12000
750,750,56.94563500001095,751.0,226220.0,300,0.25,12000
751,751,57.02269787504338,751.0,226521.0,300,0.25,12000
752,752,57.099287625052966,751.0,226822.0,300,0.25,12000
753,753,57.17526920908131,751.0,227123.0,300,0.25,12000
754,754,57.250658542034216,751.0,227424.0,300,0.25,12000
755,755,57.32609358406626,751.0,227725.0,300,0.25,12000
756,756,57.40332662500441,751.0,228026.0,300,0.25,12000
757,757,57.48037620901596,751.0,228327.0,300,0.25,12000
758,758,57.55804550007451,751.0,228628.0,300,0.25,12000
759,759,57.63505104207434,751.0,228929.0,300,0.25,12000
760,760,57.71305408398621,751.0,229230.0,300,0.25,12000
761,761,57.793084874982014,751.0,229531.0,300,0.25,12000
762,762,57.8712003340479,751.0,229832.0,300,0.25,12000
763,763,57.94808766699862,751.0,230133.0,300,0.25,12000
764,764,58.02392800000962,751.0,230434.0,300,0.25,12000
765,765,58.099373542005196,751.0,230735.0,300,0.25,12000
766,766,58.17437687504571,751.0,231036.0,300,0.25,12000
767,767,58.24978175002616,751.0,231337.0,300,0.25,12000
768,768,58.32494454202242,751.0,231638.0,300,0.25,12000
769,769,58.403055917005986,751.0,231939.0,300,0.25,12000
770,770,58.479895125026815,751.0,232240.0,300,0.25,12000
771,771,58.55535883398261,751.0,232541.0,300,0.25,12000
772,772,58.631048709037714,751.0,232842.0,300,0.25,12000
773,773,58.705964584019966,751.0,233143.0,300,0.25,12000
774,774,58.78116695897188,751.0,233444.0,300,0.25,12000
775,775,58.85647770902142,751.0,233745.0,300,0.25,12000
776,776,58.93221904197708,751.0,234046.0,300,0.25,12000
777,777,59.007964625023305,751.0,234347.0,300,0.25,12000
778,778,59.08334224997088,751.0,234648.0,300,0.25,12000
779,779,59.15874616696965,751.0,234949.0,300,0.25,12000
780,780,59.233751042047516,751.0,235250.0,300,0.25,12000
781,781,59.3086174170021,751.0,235551.0,300,0.25,12000
782,782,59.384089083992876,752.0,235853.0,300,0.25,12000
783,783,59.46044466702733,752.0,236154.0,300,0.25,12000
784,784,59.53653741697781,752.0,236455.0,300,0.25,12000
785,785,59.61312750005163,752.0,236756.0,300,0.25,12000
786,786,59.68911658402067,752.0,237057.0,300,0.25,12000
787,787,59.766789542045444,752.0,237358.0,300,0.25,12000
788,788,59.84461558400653,752.0,237659.0,300,0.25,12000
789,789,59.92162458400708,752.0,237960.0,300,0.25,12000
790,790,59.99800795898773,752.0,238261.0,300,0.25,12000
791,791,60.073511875001714,752.0,238562.0,300,0.25,12000
792,792,60.152004792005755,752.0,238863.0,300,0.25,12000
793,793,60.22894141706638,752.0,239164.0,300,0.25,12000
794,794,60.30425808404107,752.0,239465.0,300,0.25,12000
795,795,60.37984199996572,752.0,239766.0,300,0.25,12000
796,796,60.45494891703129,752.0,240067.0,300,0.25,12000
797,797,60.529913792037405,752.0,240368.0,300,0.25,12000
798,798,60.60613683401607,752.0,240669.0,300,0.25,12000
799,799,60.6821994590573,752.0,240970.0,300,0.25,12000
800,800,60.759238666971214,752.0,241271.0,300,0.25,12000
801,801,60.83530779206194,752.0,241572.0,300,0.25,12000
802,802,60.91100595903117,752.0,241873.0,300,0.25,12000
803,803,60.98618820903357,752.0,242174.0,300,0.25,12000
804,804,61.061896041966975,752.0,242475.0,300,0.25,12000
805,805,61.137440916965716,752.0,242776.0,300,0.25,12000
806,806,61.21267387503758,752.0,243077.0,300,0.25,12000
807,807,61.2889475839911,752.0,243378.0,300,0.25,12000
808,808,61.36462362506427,752.0,243679.0,300,0.25,12000
809,809,61.439836875069886,752.0,243980.0,300,0.25,12000
810,810,61.5159251249861,752.0,244281.0,300,0.25,12000
811,811,61.591334874974564,752.0,244582.0,300,0.25,12000
812,812,61.666187667055055,752.0,244883.0,300,0.25,12000
813,813,61.74160033406224,752.0,245184.0,300,0.25,12000
814,814,61.82018200005405,752.0,245485.0,300,0.25,12000
815,815,61.89658712502569,752.0,245786.0,300,0.25,12000
816,816,61.97211137507111,752.0,246087.0,300,0.25,12000
817,817,62.04770695907064,752.0,246388.0,300,0.25,12000
818,818,62.123183125047944,752.0,246689.0,300,0.25,12000
819,819,62.19851120898966,752.0,246990.0,300,0.25,12000
820,820,62.274703667033464,752.0,247291.0,300,0.25,12000
821,821,62.350211334065534,752.0,247592.0,300,0.25,12000
822,822,62.42565637500957,752.0,247893.0,300,0.25,12000
823,823,62.50116029207129,752.0,248194.0,300,0.25,12000
824,824,62.57616054196842,752.0,248495.0,300,0.25,12000
825,825,62.65165750007145,752.0,248796.0,300,0.25,12000
826,826,62.72702779201791,752.0,249097.0,300,0.25,12000
827,827,62.80231962504331,752.0,249398.0,300,0.25,12000
828,828,62.877770959050395,752.0,249699.0,300,0.25,12000
829,829,62.954899250064045,752.0,250000.0,300,0.25,12000
830,830,63.03085820900742,752.0,250301.0,300,0.25,12000
831,831,63.106235875049606,752.0,250602.0,300,0.25,12000
832,832,63.181800084072165,752.0,250903.0,300,0.25,12000
833,833,63.25717970903497,752.0,251204.0,300,0.25,12000
834,834,63.332484834012575,752.0,251505.0,300,0.25,12000
835,835,63.407859749975614,752.0,251806.0,300,0.25,12000
836,836,63.48324729199521,752.0,252107.0,300,0.25,12000
837,837,63.558791292016394,752.0,252408.0,300,0.25,12000
838,838,63.6343184170546,752.0,252709.0,300,0.25,12000
839,839,63.70969458401669,752.0,253010.0,300,0.25,12000
840,840,63.7850113339955,752.0,253311.0,300,0.25,12000
841,841,63.86289716698229,752.0,253612.0,300,0.25,12000
842,842,63.93937033403199,752.0,253913.0,300,0.25,12000
843,843,64.0150467089843,752.0,254214.0,300,0.25,12000
844,844,64.09067775006406,752.0,254515.0,300,0.25,12000
845,845,64.16533062502276,752.0,254816.0,300,0.25,12000
846,846,64.24095170898363,752.0,255117.0,300,0.25,12000
847,847,64.31631533405744,752.0,255418.0,300,0.25,12000
848,848,64.39147391705774,752.0,255719.0,300,0.25,12000
849,849,64.46678141702432,752.0,256020.0,300,0.25,12000
850,850,64.54191787505988,752.0,256321.0,300,0.25,12000
851,851,64.61781416705344,752.0,256622.0,300,0.25,12000
852,852,64.69999162503518,752.0,256923.0,300,0.25,12000
853,853,64.77998233400285,752.0,257224.0,300,0.25,12000
854,854,64.85765341704246,752.0,257525.0,300,0.25,12000
855,855,64.93553179199807,752.0,257826.0,300,0.25,12000
856,856,65.01559720898513,752.0,258127.0,300,0.25,12000
857,857,65.09358624997549,752.0,258428.0,300,0.25,12000
858,858,65.17220754199661,752.0,258729.0,300,0.25,12000
859,859,65.25030479207635,752.0,259030.0,300,0.25,12000
860,860,65.32751025003381,752.0,259331.0,300,0.25,12000
861,861,65.40417558397166,752.0,259632.0,300,0.25,12000
862,862,65.48116866697092,752.0,259933.0,300,0.25,12000
863,863,65.5578870420577,752.0,260234.0,300,0.25,12000
864,864,65.6353539590491,752.0,260535.0,300,0.25,12000
865,865,65.7133571250597,752.0,260836.0,300,0.25,12000
866,866,65.79140841704793,752.0,261137.0,300,0.25,12000
867,867,65.87007150007412,752.0,261438.0,300,0.25,12000
868,868,65.94990274996962,752.0,261739.0,300,0.25,12000
869,869,66.0270080419723,752.0,262040.0,300,0.25,12000
870,870,66.1044135420816,752.0,262341.0,300,0.25,12000
871,871,66.18210816697683,752.0,262642.0,300,0.25,12000
872,872,66.2592236250639,752.0,262943.0,300,0.25,12000
873,873,66.33709849999286,752.0,263244.0,300,0.25,12000
874,874,66.41577858407982,752.0,263545.0,300,0.25,12000
875,875,66.49421595898457,752.0,263846.0,300,0.25,12000
876,876,66.57055016700178,752.0,264147.0,300,0.25,12000
877,877,66.6470819170354,752.0,264448.0,300,0.25,12000
878,878,66.72460075002164,752.0,264749.0,300,0.25,12000
879,879,66.8024465420749,752.0,265050.0,300,0.25,12000
880,880,66.87947212497238,752.0,265351.0,300,0.25,12000
881,881,66.95787241705693,752.0,265652.0,300,0.25,12000
882,882,67.03896062506828,752.0,265953.0,300,0.25,12000
883,883,67.11769524996635,752.0,266254.0,300,0.25,12000
884,884,67.19549566705246,752.0,266555.0,300,0.25,12000
885,885,67.27298999996856,752.0,266856.0,300,0.25,12000
886,886,67.35393058403861,752.0,267157.0,300,0.25,12000
887,887,67.43276870902628,752.0,267458.0,300,0.25,12000
888,888,67.51046470901929,752.0,267759.0,300,0.25,12000
889,889,67.58823362505063,752.0,268060.0,300,0.25,12000
890,890,67.66621091705747,752.0,268361.0,300,0.25,12000
891,891,67.74706895905547,752.0,268662.0,300,0.25,12000
892,892,67.82613733399194,752.0,268963.0,300,0.25,12000
893,893,67.90542904206086,752.0,269264.0,300,0.25,12000
894,894,67.98456675000489,752.0,269565.0,300,0.25,12000
895,895,68.06249954202212,752.0,269866.0,300,0.25,12000
896,896,68.14155537507031,752.0,270167.0,300,0.25,12000
897,897,68.21987429203,752.0,270468.0,300,0.25,12000
898,898,68.29722825007048,752.0,270769.0,300,0.25,12000
899,899,68.37407450005412,752.0,271070.0,300,0.25,12000
900,900,68.44989450008143,752.0,271371.0,300,0.25,12000
901,901,68.52633566700388,753.0,271673.0,300,0.25,12000
902,902,68.60223783401307,753.0,271974.0,300,0.25,12000
903,903,68.67772837507073,753.0,272275.0,300,0.25,12000
904,904,68.75349541706964,753.0,272576.0,300,0.25,12000
905,905,68.82925791700836,753.0,272877.0,300,0.25,12000
906,906,68.90463337500114,753.0,273178.0,300,0.25,12000
907,907,68.98008837504312,753.0,273479.0,300,0.25,12000
908,908,69.055596542079,753.0,273780.0,300,0.25,12000
909,909,69.13510520907585,753.0,274081.0,300,0.25,12000
910,910,69.21230337501038,753.0,274382.0,300,0.25,12000
911,911,69.28942116699181,753.0,274683.0,300,0.25,12000
912,912,69.365951417014,753.0,274984.0,300,0.25,12000
913,913,69.44208891701419,753.0,275285.0,300,0.25,12000
914,914,69.51817387505434,753.0,275586.0,300,0.25,12000
915,915,69.59412095905282,753.0,275887.0,300,0.25,12000
916,916,69.66956675006077,753.0,276188.0,300,0.25,12000
917,917,69.74443475005683,753.0,276489.0,300,0.25,12000
918,918,69.81936037505511,753.0,276790.0,300,0.25,12000
919,919,69.89496179204434,753.0,277091.0,300,0.25,12000
920,920,69.97317033400759,753.0,277392.0,300,0.25,12000
921,921,70.04986250004731,753.0,277693.0,300,0.25,12000
922,922,70.1256853339728,753.0,277994.0,300,0.25,12000
923,923,70.20159879198764,753.0,278295.0,300,0.25,12000
924,924,70.2768764590146,753.0,278596.0,300,0.25,12000
925,925,70.35206975007895,753.0,278897.0,300,0.25,12000
926,926,70.42747220897581,753.0,279198.0,300,0.25,12000
927,927,70.50284824997652,753.0,279499.0,300,0.25,12000
928,928,70.57777304202318,753.0,279800.0,300,0.25,12000
929,929,70.65263341704849,753.0,280101.0,300,0.25,12000
930,930,70.72786079207435,753.0,280402.0,300,0.25,12000
931,931,70.80338354199193,753.0,280703.0,300,0.25,12000
932,932,70.87903012498282,754.0,281005.0,300,0.25,12000
933,933,70.95426637504715,754.0,281306.0,300,0.25,12000
934,934,71.02939916704781,754.0,281607.0,300,0.25,12000
935,935,71.10459058405831,754.0,281908.0,300,0.25,12000
936,936,71.1797162500443,754.0,282209.0,300,0.25,12000
937,937,71.25499541696627,754.0,282510.0,300,0.25,12000
938,938,71.33026570896618,754.0,282811.0,300,0.25,12000
939,939,71.4057534589665,754.0,283112.0,300,0.25,12000
940,940,71.48083966702688,754.0,283413.0,300,0.25,12000
941,941,71.55598458403256,754.0,283714.0,300,0.25,12000
942,942,71.63150629203301,754.0,284015.0,300,0.25,12000
943,943,71.70708141697105,754.0,284316.0,300,0.25,12000
944,944,71.78232991707046,754.0,284617.0,300,0.25,12000
945,945,71.85748708399478,754.0,284918.0,300,0.25,12000
946,946,71.93242983403616,754.0,285219.0,300,0.25,12000
947,947,72.00986079208087,754.0,285520.0,300,0.25,12000
948,948,72.08644504204858,754.0,285821.0,300,0.25,12000
949,949,72.1617552919779,754.0,286122.0,300,0.25,12000
950,950,72.23675654199906,754.0,286423.0,300,0.25,12000
951,951,72.3118955839891,754.0,286724.0,300,0.25,12000
952,952,72.38766600005329,754.0,287025.0,300,0.25,12000
953,953,72.46364445902873,755.0,287327.0,300,0.25,12000
954,954,72.53942225000355,755.0,287628.0,300,0.25,12000
955,955,72.61569566698745,755.0,287929.0,300,0.25,12000
956,956,72.69155112502631,755.0,288230.0,300,0.25,12000
957,957,72.76712012500502,755.0,288531.0,300,0.25,12000
958,958,72.84246733400505,755.0,288832.0,300,0.25,12000
959,959,72.91759575007018,755.0,289133.0,300,0.25,12000
960,960,72.99304145900533,755.0,289434.0,300,0.25,12000
961,961,73.06858062499668,755.0,289735.0,300,0.25,12000
962,962,73.1437566250097,755.0,290036.0,300,0.25,12000
963,963,73.21893995907158,755.0,290337.0,300,0.25,12000
964,964,73.29411166696809,755.0,290638.0,300,0.25,12000
965,965,73.36917987500783,755.0,290939.0,300,0.25,12000
966,966,73.44423237501178,755.0,291240.0,300,0.25,12000
967,967,73.51946795906406,755.0,291541.0,300,0.25,12000
968,968,73.59453458397184,755.0,291842.0,300,0.25,12000
969,969,73.66926250001416,755.0,292143.0,300,0.25,12000
970,970,73.74454624997452,755.0,292444.0,300,0.25,12000
971,971,73.81951020902488,755.0,292745.0,300,0.25,12000
972,972,73.89426845905837,755.0,293046.0,300,0.25,12000
973,973,73.96927445905749,755.0,293347.0,300,0.25,12000
974,974,74.04637325007934,755.0,293648.0,300,0.25,12000
975,975,74.12245304207318,755.0,293949.0,300,0.25,12000
976,976,74.19807454198599,755.0,294250.0,300,0.25,12000
977,977,74.27337754203472,755.0,294551.0,300,0.25,12000
978,978,74.34819358401,755.0,294852.0,300,0.25,12000
979,979,74.42342220898718,755.0,295153.0,300,0.25,12000
980,980,74.49844087497331,755.0,295454.0,300,0.25,12000
981,981,74.57351070898585,755.0,295755.0,300,0.25,12000
982,982,74.64962879207451,755.0,296056.0,300,0.25,12000
983,983,74.72579675004818,755.0,296357.0,300,0.25,12000
984,984,74.80412316706497,755.0,296658.0,300,0.25,12000
985,985,74.88093833404128,757.0,296960.0,300,0.25,12000
986,986,74.95821125002112,757.0,297261.0,300,0.25,12000
987,987,75.0338372499682,757.0,297562.0,300,0.25,12000
988,988,75.1102567500202,757.0,297863.0,300,0.25,12000
989,989,75.18666333402507,757.0,298164.0,300,0.25,12000
990,990,75.26295250002295,757.0,298465.0,300,0.25,12000
991,991,75.33903929207008,757.0,298766.0,300,0.25,12000
992,992,75.41502795903943,757.0,299067.0,300,0.25,12000
993,993,75.49004720908124,757.0,299368.0,300,0.25,12000
994,994,75.56512820906937,757.0,299669.0,300,0.25,12000
995,995,75.64126337505877,757.0,299970.0,300,0.25,12000
996,996,75.71657945902552,757.0,300271.0,300,0.25,12000
997,997,75.79202604200691,757.0,300572.0,300,0.25,12000
998,998,75.8682856670348,757.0,300873.0,300,0.25,12000
999,999,75.9472053750651,758.0,301175.0,300,0.25,12000
1000,1000,76.02418408403173,758.0,301476.0,300,0.25,12000
1001,1001,76.10857658402529,758.0,301777.0,300,0.25,12000
1002,1002,76.18755016697105,758.0,302078.0,300,0.25,12000
1003,1003,76.26514037500601,758.0,302379.0,300,0.25,12000
1004,1004,76.3412967500044,758.0,302680.0,300,0.25,12000
1005,1005,76.41663416707888,758.0,302981.0,300,0.25,12000
1006,1006,76.49212108401116,758.0,303282.0,300,0.25,12000
1007,1007,76.57000837498344,758.0,303583.0,300,0.25,12000
1008,1008,76.64701995905489,759.0,303885.0,300,0.25,12000
1009,1009,76.7237045840593,759.0,304186.0,300,0.25,12000
1010,1010,76.79973433399573,759.0,304487.0,300,0.25,12000
1011,1011,76.87582812504843,759.0,304788.0,300,0.25,12000
1012,1012,76.95074900006875,759.0,305089.0,300,0.25,12000
1013,1013,77.02581766701769,759.0,305390.0,300,0.25,12000
1014,1014,77.10127766698133,759.0,305691.0,300,0.25,12000
1015,1015,77.17614220897667,759.0,305992.0,300,0.25,12000
1016,1016,77.2515787499724,759.0,306293.0,300,0.25,12000
1017,1017,77.32744262507185,759.0,306594.0,300,0.25,12000
1018,1018,77.4034847089788,759.0,306895.0,300,0.25,12000
1019,1019,77.48031087499112,759.0,307196.0,300,0.25,12000
1020,1020,77.55670054198708,759.0,307497.0,300,0.25,12000
1021,1021,77.63264058402274,759.0,307798.0,300,0.25,12000
1022,1022,77.70878300000913,759.0,308099.0,300,0.25,12000
1023,1023,77.78444270906039,759.0,308400.0,300,0.25,12000
1024,1024,77.86000333400443,759.0,308701.0,300,0.25,12000
1025,1025,77.9353030420607,759.0,309002.0,300,0.25,12000
1026,1026,78.01052620902192,759.0,309303.0,300,0.25,12000
1027,1027,78.08577766700182,759.0,309604.0,300,0.25,12000
1028,1028,78.16396949999034,759.0,309905.0,300,0.25,12000
1029,1029,78.24075125006493,759.0,310206.0,300,0.25,12000
1030,1030,78.31668158399407,759.0,310507.0,300,0.25,12000
1031,1031,78.39191716699861,760.0,310809.0,300,0.25,12000
1032,1032,78.46693070908077,760.0,311110.0,300,0.25,12000
1033,1033,78.54231483407784,760.0,311411.0,300,0.25,12000
1034,1034,78.61744483397342,760.0,311712.0,300,0.25,12000
1035,1035,78.692440334009,760.0,312013.0,300,0.25,12000
1036,1036,78.76818016706966,760.0,312314.0,300,0.25,12000
1037,1037,78.84587454202119,760.0,312615.0,300,0.25,12000
1038,1038,78.92355241707992,760.0,312916.0,300,0.25,12000
1039,1039,78.99989325006027,760.0,313217.0,300,0.25,12000
1040,1040,79.075827499968,760.0,313518.0,300,0.25,12000
1041,1041,79.15119674999733,760.0,313819.0,300,0.25,12000
1042,1042,79.2268695840612,760.0,314120.0,300,0.25,12000
1043,1043,79.3029825000558,760.0,314421.0,300,0.25,12000
1044,1044,79.37823937507346,760.0,314722.0,300,0.25,12000
1045,1045,79.45353749999776,760.0,315023.0,300,0.25,12000
1046,1046,79.52843954204582,760.0,315324.0,300,0.25,12000
1047,1047,79.60310191707686,760.0,315625.0,300,0.25,12000
1048,1048,79.67766875005327,760.0,315926.0,300,0.25,12000
1049,1049,79.75280283403117,760.0,316227.0,300,0.25,12000
1050,1050,79.82792625005823,760.0,316528.0,300,0.25,12000
1051,1051,79.90278862498235,760.0,316829.0,300,0.25,12000
1052,1052,79.97750654199626,760.0,317130.0,300,0.25,12000
1053,1053,80.05304570903536,760.0,317431.0,300,0.25,12000
1054,1054,80.12832483404782,760.0,317732.0,300,0.25,12000
1055,1055,80.20604983402882,760.0,318033.0,300,0.25,12000
1056,1056,80.2822388340719,760.0,318334.0,300,0.25,12000
1057,1057,80.35830904205795,760.0,318635.0,300,0.25,12000
1058,1058,80.43319029198028,760.0,318936.0,300,0.25,12000
1059,1059,80.50840250006877,760.0,319237.0,300,0.25,12000
1060,1060,80.58426879206672,761.0,319539.0,300,0.25,12000
1061,1061,80.65976520907134,761.0,319840.0,300,0.25,12000
1062,1062,80.73468779202085,761.0,320141.0,300,0.25,12000
1063,1063,80.81048020906746,761.0,320442.0,300,0.25,12000
1064,1064,80.88568512501661,761.0,320743.0,300,0.25,12000
1065,1065,80.96078687498812,761.0,321044.0,300,0.25,12000
1066,1066,81.0362524590455,761.0,321345.0,300,0.25,12000
1067,1067,81.11157645902131,761.0,321646.0,300,0.25,12000
1068,1068,81.18629116704687,761.0,321947.0,300,0.25,12000
1069,1069,81.26139366696589,761.0,322248.0,300,0.25,12000
1070,1070,81.3358661250677,761.0,322549.0,300,0.25,12000
1071,1071,81.41048500000034,761.0,322850.0,300,0.25,12000
1072,1072,81.48597416700795,761.0,323151.0,300,0.25,12000
1073,1073,81.56084987497889,761.0,323452.0,300,0.25,12000
1074,1074,81.63567850005347,761.0,323753.0,300,0.25,12000
1075,1075,81.71104533399921,761.0,324054.0,300,0.25,12000
1076,1076,81.78617345902603,761.0,324355.0,300,0.25,12000
1077,1077,81.86089387501124,761.0,324656.0,300,0.25,12000
1078,1078,81.9361626249738,761.0,324957.0,300,0.25,12000
1079,1079,82.0120050420519,761.0,325258.0,300,0.25,12000
1080,1080,82.08732237503864,761.0,325559.0,300,0.25,12000
1081,1081,82.16329866705928,761.0,325860.0,300,0.25,12000
1082,1082,82.24171204201411,761.0,326161.0,300,0.25,12000
1083,1083,82.31769441696815,761.0,326462.0,300,0.25,12000
1084,1084,82.39338658400811,761.0,326763.0,300,0.25,12000
1085,1085,82.47038795903791,761.0,327064.0,300,0.25,12000
1086,1086,82.54616541706491,761.0,327365.0,300,0.25,12000
1087,1087,82.6218939590035,761.0,327666.0,300,0.25,12000
1088,1088,82.69684954197146,761.0,327967.0,300,0.25,12000
1089,1089,82.77164254197851,761.0,328268.0,300,0.25,12000
1090,1090,82.84712375001982,761.0,328569.0,300,0.25,12000
1091,1091,82.92270208406262,761.0,328870.0,300,0.25,12000
1092,1092,82.99742637504824,761.0,329171.0,300,0.25,12000
1093,1093,83.07282179198228,761.0,329472.0,300,0.25,12000
1094,1094,83.14806662499905,761.0,329773.0,300,0.25,12000
1095,1095,83.22376195900142,761.0,330074.0,300,0.25,12000
1096,1096,83.30009766703006,761.0,330375.0,300,0.25,12000
1097,1097,83.37607170897536,761.0,330676.0,300,0.25,12000
1098,1098,83.45123295905069,761.0,330977.0,300,0.25,12000
1099,1099,83.52715624996927,761.0,331278.0,300,0.25,12000
1100,1100,83.60281825007405,761.0,331579.0,300,0.25,12000
1101,1101,83.67775233404245,761.0,331880.0,300,0.25,12000
1102,1102,83.75339712505229,761.0,332181.0,300,0.25,12000
1103,1103,83.82889329199679,761.0,332482.0,300,0.25,12000
1104,1104,83.90351066703442,761.0,332783.0,300,0.25,12000
1105,1105,83.97880062507465,761.0,333084.0,300,0.25,12000
1106,1106,84.05362062505446,761.0,333385.0,300,0.25,12000
1107,1107,84.12826829205733,761.0,333686.0,300,0.25,12000
1108,1108,84.203408166999,761.0,333987.0,300,0.25,12000
1109,1109,84.28189674997702,761.0,334288.0,300,0.25,12000
1110,1110,84.35776520904619,761.0,334589.0,300,0.25,12000
1111,1111,84.43341866706032,761.0,334890.0,300,0.25,12000
1112,1112,84.50851499999408,761.0,335191.0,300,0.25,12000
1113,1113,84.58345291705336,761.0,335492.0,300,0.25,12000
1114,1114,84.65873108396772,761.0,335793.0,300,0.25,12000
1115,1115,84.73423295898829,761.0,336094.0,300,0.25,12000
1116,1116,84.80911016697064,761.0,336395.0,300,0.25,12000
1117,1117,84.88433054205962,761.0,336696.0,300,0.25,12000
1118,1118,84.95910416706465,761.0,336997.0,300,0.25,12000
1119,1119,85.0339280840708,761.0,337298.0,300,0.25,12000
1120,1120,85.10961091704667,761.0,337599.0,300,0.25,12000
1121,1121,85.18538154207636,761.0,337900.0,300,0.25,12000
1122,1122,85.26037195906974,761.0,338201.0,300,0.25,12000
1123,1123,85.3357923340518,761.0,338502.0,300,0.25,12000
1124,1124,85.41095849999692,761.0,338803.0,300,0.25,12000
1125,1125,85.48582508403342,761.0,339104.0,300,0.25,12000
1126,1126,85.56078525003977,761.0,339405.0,300,0.25,12000
1127,1127,85.63603679207154,761.0,339706.0,300,0.25,12000
1128,1128,85.7109485840192,761.0,340007.0,300,0.25,12000
1129,1129,85.78640033397824,761.0,340308.0,300,0.25,12000
1130,1130,85.86165183398407,761.0,340609.0,300,0.25,12000
1131,1131,85.93641483399551,761.0,340910.0,300,0.25,12000
1132,1132,86.0118959590327,761.0,341211.0,300,0.25,12000
1133,1133,86.0863928339677,761.0,341512.0,300,0.25,12000
1134,1134,86.16131487500388,761.0,341813.0,300,0.25,12000
1135,1135,86.23677070904523,761.0,342114.0,300,0.25,12000
1136,1136,86.31426512508187,761.0,342415.0,300,0.25,12000
1137,1137,86.39021416706964,761.0,342716.0,300,0.25,12000
1138,1138,86.46617658401374,761.0,343017.0,300,0.25,12000
1139,1139,86.5410392920021,761.0,343318.0,300,0.25,12000
1140,1140,86.61614670907147,761.0,343619.0,300,0.25,12000
1141,1141,86.6913604590809,761.0,343920.0,300,0.25,12000
1142,1142,86.76691537501756,761.0,344221.0,300,0.25,12000
1143,1143,86.84222354204394,761.0,344522.0,300,0.25,12000
1144,1144,86.91713316703681,761.0,344823.0,300,0.25,12000
1145,1145,86.99265520903282,761.0,345124.0,300,0.25,12000
1146,1146,87.0679624590557,761.0,345425.0,300,0.25,12000
1147,1147,87.14330708398484,761.0,345726.0,300,0.25,12000
1148,1148,87.21870175004005,761.0,346027.0,300,0.25,12000
1149,1149,87.2941484170733,761.0,346328.0,300,0.25,12000
1150,1150,87.36920937499963,761.0,346629.0,300,0.25,12000
1151,1151,87.4444730420364,761.0,346930.0,300,0.25,12000
1152,1152,87.5197633340722,761.0,347231.0,300,0.25,12000
1153,1153,87.59478145907633,761.0,347532.0,300,0.25,12000
1154,1154,87.6697755419882,761.0,347833.0,300,0.25,12000
1155,1155,87.74530395900365,761.0,348134.0,300,0.25,12000
1156,1156,87.82019116706215,761.0,348435.0,300,0.25,12000
1157,1157,87.89540737506468,761.0,348736.0,300,0.25,12000
1158,1158,87.97059945901856,761.0,349037.0,300,0.25,12000
1159,1159,88.04520704201423,761.0,349338.0,300,0.25,12000
1160,1160,88.12026308407076,761.0,349639.0,300,0.25,12000
1161,1161,88.19547899998724,761.0,349940.0,300,0.25,12000
1162,1162,88.27019762503915,761.0,350241.0,300,0.25,12000
1163,1163,88.34833287505899,761.0,350542.0,300,0.25,12000
1164,1164,88.42493995907716,761.0,350843.0,300,0.25,12000
1165,1165,88.50031695899088,761.0,351144.0,300,0.25,12000
1166,1166,88.5763120839838,761.0,351445.0,300,0.25,12000
1167,1167,88.65119020896964,761.0,351746.0,300,0.25,12000
1168,1168,88.72664241702296,761.0,352047.0,300,0.25,12000
1169,1169,88.80196604202501,761.0,352348.0,300,0.25,12000
1170,1170,88.87714437500108,761.0,352649.0,300,0.25,12000
1171,1171,88.95216754206922,761.0,352950.0,300,0.25,12000
1172,1172,89.02727950003464,761.0,353251.0,300,0.25,12000
1173,1173,89.10292275005486,761.0,353552.0,300,0.25,12000
1174,1174,89.17950412502978,761.0,353853.0,300,0.25,12000
1175,1175,89.25555737502873,761.0,354154.0,300,0.25,12000
1176,1176,89.33125766704325,761.0,354455.0,300,0.25,12000
1177,1177,89.40610479202587,761.0,354756.0,300,0.25,12000
1178,1178,89.4816982090706,761.0,355057.0,300,0.25,12000
1179,1179,89.55703575001098,761.0,355358.0,300,0.25,12000
1180,1180,89.63219908403698,761.0,355659.0,300,0.25,12000
1181,1181,89.70744883397128,761.0,355960.0,300,0.25,12000
1182,1182,89.78205158398487,761.0,356261.0,300,0.25,12000
1183,1183,89.85680816706736,761.0,356562.0,300,0.25,12000
1184,1184,89.93184479197953,761.0,356863.0,300,0.25,12000
1185,1185,90.00687416701112,761.0,357164.0,300,0.25,12000
